"Status","Start Time","Stop Time","Duration in ms","Parent Suite","Suite","Sub Suite","Test Class","Test Method","Name","Description"
"passed","Fri Dec 01 19:31:35 CST 2023","Fri Dec 01 19:31:35 CST 2023","0","","test_参数组合","","","","test_foo[2-1]",""
"passed","Fri Dec 01 19:31:34 CST 2023","Fri Dec 01 19:31:34 CST 2023","0","","test_使⽤yaml⽂件实现⽤例数据参数化","","","","test_add[bigint]",""
"passed","Fri Dec 01 19:31:34 CST 2023","Fri Dec 01 19:31:34 CST 2023","0","","test_使⽤yaml⽂件实现⽤例步骤参数化","","","","test_foo",""
"failed","Fri Dec 01 19:31:34 CST 2023","Fri Dec 01 19:31:34 CST 2023","34","","test_xdist","","","","test_simple_assume5",""
"passed","Fri Dec 01 19:31:34 CST 2023","Fri Dec 01 19:31:34 CST 2023","0","","test_fixtrue快速体验","Test_firstFile","","","test_one",""
"failed","Fri Dec 01 19:31:34 CST 2023","Fri Dec 01 19:31:34 CST 2023","0","","test_作业计算器","","","","test_add[-1--2--3]",""
"passed","Fri Dec 01 19:31:34 CST 2023","Fri Dec 01 19:31:34 CST 2023","0","","test_使⽤yaml⽂件实现⽤例数据参数化2","","","","test_add[bigint]",""
"failed","Fri Dec 01 19:31:34 CST 2023","Fri Dec 01 19:31:34 CST 2023","37","","test_xdist","","","","test_simple_assume2",""
"passed","Fri Dec 01 19:31:34 CST 2023","Fri Dec 01 19:31:34 CST 2023","0","","test_module","","","","test_two",""
"passed","Fri Dec 01 19:31:34 CST 2023","Fri Dec 01 19:31:34 CST 2023","0","","test_mark标签","Test_Demo","","","test_demo",""
"failed","Fri Dec 01 19:31:34 CST 2023","Fri Dec 01 19:31:34 CST 2023","21","","test_xdist","","","","test_simple_assume6",""
"passed","Fri Dec 01 19:31:35 CST 2023","Fri Dec 01 19:31:35 CST 2023","0","","test_参数组合","","","","test_foo[3-0]",""
"passed","Fri Dec 01 19:31:34 CST 2023","Fri Dec 01 19:31:34 CST 2023","0","","test_demo快速体验","Test_Demo","","","test_demo",""
"passed","Fri Dec 01 19:31:34 CST 2023","Fri Dec 01 19:31:34 CST 2023","0","","test_参数化别名","","","","test_add[int]",""
"failed","Fri Dec 01 19:31:34 CST 2023","Fri Dec 01 19:31:34 CST 2023","24","","test_xdist","","","","test_simple_assume3",""
"passed","Fri Dec 01 19:31:35 CST 2023","Fri Dec 01 19:31:35 CST 2023","0","","test_参数组合","","","","test_foo[6-1]",""
"passed","Fri Dec 01 19:31:34 CST 2023","Fri Dec 01 19:31:34 CST 2023","0","","test_fixtrue快速体验","Test_firstFile","","","test_three",""
"passed","Fri Dec 01 19:31:34 CST 2023","Fri Dec 01 19:31:34 CST 2023","0","","test_参数化别名","","","","test_add[minus]",""
"passed","Fri Dec 01 19:31:35 CST 2023","Fri Dec 01 19:31:35 CST 2023","0","","test_参数组合","","","","test_foo[3-4]",""
"failed","Fri Dec 01 19:31:34 CST 2023","Fri Dec 01 19:31:34 CST 2023","39","","test_xdist","","","","test_simple_assume11",""
"passed","Fri Dec 01 19:31:34 CST 2023","Fri Dec 01 19:31:34 CST 2023","0","","test_使⽤yaml⽂件实现⽤例数据参数化2","","","","test_add[minus]",""
"failed","Fri Dec 01 19:31:34 CST 2023","Fri Dec 01 19:31:34 CST 2023","43","","test_xdist","","","","test_simple_assume9",""
"passed","Fri Dec 01 19:31:34 CST 2023","Fri Dec 01 19:31:34 CST 2023","0","","test_使⽤yaml⽂件实现⽤例数据参数化2","","","","test_add[int]",""
"failed","Fri Dec 01 19:31:33 CST 2023","Fri Dec 01 19:31:34 CST 2023","132","","test_assume","","","","test_simple_assume",""
"failed","Fri Dec 01 19:31:34 CST 2023","Fri Dec 01 19:31:34 CST 2023","0","","test_demo快速体验","Test_Demo","","","test_demo2",""
"passed","Fri Dec 01 19:31:34 CST 2023","Fri Dec 01 19:31:34 CST 2023","0","","test_使⽤yaml⽂件实现⽤例数据参数化","","","","test_add[minus]",""
"passed","Fri Dec 01 19:31:33 CST 2023","Fri Dec 01 19:31:33 CST 2023","0","","test_ordering","","","","test_bar",""
"passed","Fri Dec 01 19:31:34 CST 2023","Fri Dec 01 19:31:34 CST 2023","0","","test_参数组合","","","","test_foo[2-0]",""
"passed","Fri Dec 01 19:31:34 CST 2023","Fri Dec 01 19:31:34 CST 2023","0","","test_参数化演练","","","","test_add[-1--2--3]",""
"passed","Fri Dec 01 19:31:35 CST 2023","Fri Dec 01 19:31:35 CST 2023","0","","test_参数组合","","","","test_foo[3-1]",""
"passed","Fri Dec 01 19:31:34 CST 2023","Fri Dec 01 19:31:34 CST 2023","3","","test_module","TestCase","","","test_three",""
"failed","Fri Dec 01 19:31:34 CST 2023","Fri Dec 01 19:31:34 CST 2023","0","","test_mark标签","Test_Demo","","","test_demo2",""
"passed","Fri Dec 01 19:31:34 CST 2023","Fri Dec 01 19:31:34 CST 2023","0","","test_module","TestCase","","","test_four",""
"passed","Fri Dec 01 19:31:35 CST 2023","Fri Dec 01 19:31:35 CST 2023","0","","test_参数组合","","","","test_foo[2-4]",""
"failed","Fri Dec 01 19:31:34 CST 2023","Fri Dec 01 19:31:34 CST 2023","31","","test_xdist","","","","test_simple_assume10",""
"passed","Fri Dec 01 19:31:35 CST 2023","Fri Dec 01 19:31:35 CST 2023","0","","test_参数组合","","","","test_foo[6-4]",""
"passed","Fri Dec 01 19:31:34 CST 2023","Fri Dec 01 19:31:34 CST 2023","0","","test_参数化别名","","","","test_add[bigint]",""
"passed","Fri Dec 01 19:31:34 CST 2023","Fri Dec 01 19:31:34 CST 2023","0","","test_参数化演练","","","","test_add[100-200-300]",""
"broken","Fri Dec 01 19:31:34 CST 2023","Fri Dec 01 19:31:34 CST 2023","0","","test_fixtrue快速体验","Test_firstFile","","","test_two",""
"failed","Fri Dec 01 19:31:34 CST 2023","Fri Dec 01 19:31:34 CST 2023","24","","test_xdist","","","","test_simple_assume7",""
"passed","Fri Dec 01 19:31:33 CST 2023","Fri Dec 01 19:31:33 CST 2023","0","","test_ordering","","","","test_foo",""
"failed","Fri Dec 01 19:31:34 CST 2023","Fri Dec 01 19:31:34 CST 2023","0","","test_作业计算器","","","","test_add[3-5-8]",""
"failed","Fri Dec 01 19:31:34 CST 2023","Fri Dec 01 19:31:34 CST 2023","30","","test_xdist","","","","test_simple_assume8",""
"passed","Fri Dec 01 19:31:34 CST 2023","Fri Dec 01 19:31:34 CST 2023","0","","test_module","","","","test_one",""
"failed","Fri Dec 01 19:31:34 CST 2023","Fri Dec 01 19:31:34 CST 2023","23","","test_xdist","","","","test_simple_assume4",""
"passed","Fri Dec 01 19:31:35 CST 2023","Fri Dec 01 19:31:35 CST 2023","0","","test_参数组合","","","","test_foo[6-0]",""
"failed","Fri Dec 01 19:31:34 CST 2023","Fri Dec 01 19:31:34 CST 2023","0","","test_作业计算器","","","","test_add[100-200-300]",""
"passed","Fri Dec 01 19:31:34 CST 2023","Fri Dec 01 19:31:34 CST 2023","0","","test_使⽤yaml⽂件实现⽤例数据参数化","","","","test_add[int]",""
"failed","Fri Dec 01 19:31:34 CST 2023","Fri Dec 01 19:31:34 CST 2023","28","","test_xdist","","","","test_simple_assume12",""
"passed","Fri Dec 01 19:31:34 CST 2023","Fri Dec 01 19:31:34 CST 2023","0","","test_rerunfailures","","","","test_example",""
"failed","Fri Dec 01 19:31:34 CST 2023","Fri Dec 01 19:31:34 CST 2023","30","","test_xdist","","","","test_simple_assume",""
"passed","Fri Dec 01 19:31:34 CST 2023","Fri Dec 01 19:31:34 CST 2023","0","","test_参数化演练","","","","test_add[3-5-8]",""
